,Semana,Agencia_ID,Canal_ID,Cliente_ID,Producto_ID,Prediction
152480,9,1114,2,22703,34786,60
152486,9,1114,2,22703,35145,60
152532,9,1114,2,22703,48996,60
152562,9,1114,2,22535,34786,56
152568,9,1114,2,22535,35145,28
152605,9,1114,2,22535,48996,56
152615,9,1114,2,16052,34786,56
152625,9,1114,2,16052,48996,56
152654,9,1114,2,22550,34786,56
152660,9,1114,2,22550,35145,28
152704,9,1114,2,22550,48996,56
152756,9,1114,2,20892,34786,56
152762,9,1114,2,20892,35145,28
152792,9,1114,2,20892,48996,56
152802,9,1114,2,20631,34786,98
152811,9,1114,2,20631,48996,98
152850,9,1114,2,19174,34786,56
152856,9,1114,2,19174,35145,28
152904,9,1114,2,19174,48996,56
152933,9,1114,2,1188055,34786,123
152982,9,1114,2,1188055,48996,56
153009,9,1114,2,22531,34786,56
153015,9,1114,2,22531,35145,28
153052,9,1114,2,22531,48996,56
153079,9,1114,2,1685259,34786,56
153085,9,1114,2,1685259,35145,28
153123,9,1114,2,1685259,48996,56
153189,9,1114,2,22533,34786,56
153195,9,1114,2,22533,35145,28
153248,9,1114,2,22533,48996,56
153280,9,1114,2,1685247,34786,70
153285,9,1114,2,1685247,35145,70
153328,9,1114,2,1685247,48996,70
153354,9,1114,2,1685285,34786,56
153359,9,1114,2,1685285,35145,28
153399,9,1114,2,1685285,48996,56
153442,9,1114,2,20647,34786,56
153447,9,1114,2,20647,35145,28
153476,9,1114,2,20647,48996,56
153498,9,1114,2,20623,34786,56
153503,9,1114,2,20623,35145,28
153535,9,1114,2,20623,48996,56
153544,9,1114,2,19172,34786,56
153554,9,1114,2,19172,48996,56
153583,9,1114,2,812383,34786,56
153589,9,1114,2,812383,35145,28
153634,9,1114,2,812383,48996,56
153664,9,1114,2,1437472,34786,56
153670,9,1114,2,1437472,35145,28
153711,9,1114,2,1437472,48996,56
153742,9,1114,2,685480,34786,83
153748,9,1114,2,685480,35145,83
153788,9,1114,2,685480,48996,83
153811,9,1114,2,19158,34786,56
153817,9,1114,2,19158,35145,28
153845,9,1114,2,19158,48996,56
153874,9,1114,2,17947,34786,56
153880,9,1114,2,17947,35145,28
153929,9,1114,2,17947,48996,56
153936,9,1114,2,19171,34786,56
153967,9,1114,2,16794,34786,56
153973,9,1114,2,16794,35145,28
154012,9,1114,2,16794,48996,56
154038,9,1114,2,21990,34786,373
154043,9,1114,2,21990,35145,373
154072,9,1114,2,21990,48996,373
154097,9,1114,2,21958,34786,56
154102,9,1114,2,21958,35145,28
154134,9,1114,2,21958,48996,56
154170,9,1114,2,1685241,34786,70
154176,9,1114,2,1685241,35145,70
154225,9,1114,2,1685241,48996,70
154247,9,1114,2,17522,34786,522
154252,9,1114,2,17522,35145,522
154285,9,1114,2,17522,48996,522
154296,9,1114,2,22547,34786,210
154309,9,1114,2,22547,48996,210
154329,9,1114,2,30365,34786,56
154335,9,1114,2,30365,35145,28
154368,9,1114,2,30365,48996,56
154379,9,1114,2,151689,34786,182
154383,9,1114,2,151689,35145,182
154405,9,1114,2,1474070,34786,56
154411,9,1114,2,1474070,35145,28
154432,9,1114,2,1474070,48996,56
154448,9,1114,2,20416,34786,42
154453,9,1114,2,20416,35145,42
154471,9,1114,2,20416,48996,42
154485,9,1114,2,1685246,34786,100
154490,9,1114,2,1685246,35145,100
154519,9,1114,2,1685246,48996,28
154544,9,1114,2,2157097,34786,176
154549,9,1114,2,2157097,35145,140
154584,9,1114,2,2157097,48996,140
154624,9,1114,2,16063,34786,56
154630,9,1114,2,16063,35145,28
154688,9,1114,2,16063,48996,56
154712,9,1114,2,20882,34786,56
154717,9,1114,2,20882,35145,28
154754,9,1114,2,20882,48996,56
154792,9,1114,2,22107,34786,219
154799,9,1114,2,22107,35145,219
154851,9,1114,2,22107,48996,219
154871,9,1114,2,1685276,34786,56
154877,9,1114,2,1685276,35145,28
154904,9,1114,2,1685276,48996,56
154931,9,1114,2,1913278,34786,56
154936,9,1114,2,1913278,35145,28
154976,9,1114,2,1913278,48996,56
155014,9,1114,2,19237,34786,56
155020,9,1114,2,19237,35145,28
155071,9,1114,2,19237,48996,56
155085,9,1114,2,17904,34786,56
155096,9,1114,2,17904,48996,56
155124,9,1114,2,20433,34786,56
155129,9,1114,2,20433,35145,28
155163,9,1114,2,20433,48996,56
155179,9,1114,2,1730402,34786,56
155185,9,1114,2,1730402,35145,28
155212,9,1114,2,1730402,48996,56
155233,9,1114,2,19139,34786,56
155239,9,1114,2,19139,35145,28
155272,9,1114,2,19139,48996,56
155290,9,1114,2,17865,34786,56
155295,9,1114,2,17865,35145,28
155324,9,1114,2,17865,48996,56
155346,9,1114,2,17826,34786,56
155351,9,1114,2,17826,35145,28
155382,9,1114,2,17826,48996,56
155403,9,1114,2,1685239,34786,56
155408,9,1114,2,1685239,35145,28
155435,9,1114,2,1685239,48996,56
155478,9,1114,2,17815,34786,56
155484,9,1114,2,17815,35145,28
155539,9,1114,2,17815,48996,56
155585,9,1114,2,19162,34786,56
155590,9,1114,2,19162,35145,28
155620,9,1114,2,19162,48996,56
155641,9,1114,2,1685256,34786,63
155646,9,1114,2,1685256,35145,63
155687,9,1114,2,1685256,48996,63
155704,9,1114,2,17837,34786,56
155709,9,1114,2,17837,35145,28
155737,9,1114,2,17837,48996,56
155775,9,1114,2,19189,34786,333
155781,9,1114,2,19189,35145,333
155836,9,1114,2,19189,48996,333
155855,9,1114,2,20430,34786,56
155860,9,1114,2,20430,35145,28
155895,9,1114,2,20430,48996,56
155913,9,1114,2,54820,34786,56
155919,9,1114,2,54820,35145,28
155942,9,1114,2,54820,48996,56
155962,9,1114,2,54819,34786,56
155967,9,1114,2,54819,35145,28
156004,9,1114,2,54819,48996,56
156019,9,1114,2,1563569,34786,195
156024,9,1114,2,1563569,35145,195
156037,9,1114,2,1563569,48996,195
156054,9,1114,2,1261214,34786,56
156060,9,1114,2,1261214,35145,28
156091,9,1114,2,1261214,48996,56
156116,9,1114,2,19182,34786,56
156122,9,1114,2,19182,35145,28
156155,9,1114,2,19182,48996,56
156170,9,1114,2,1685242,34786,320
156176,9,1114,2,1685242,35145,320
156204,9,1114,2,1685242,48996,112
156219,9,1114,2,19175,34786,56
156223,9,1114,2,19175,35145,56
156238,9,1114,2,24324,34786,56
156307,9,1114,2,1792583,34786,84
156313,9,1114,2,1792583,35145,84
156364,9,1114,2,1792583,48996,84
156383,9,1114,2,19170,34786,56
156388,9,1114,2,19170,35145,56
156421,9,1114,2,19170,48996,56
156447,9,1114,2,31615,34786,56
156453,9,1114,2,31615,35145,28
156490,9,1114,2,31615,48996,56
156505,9,1114,2,1564513,34786,56
156510,9,1114,2,1564513,35145,28
156526,9,1114,2,1564513,48996,56
156541,9,1114,2,19181,34786,56
156547,9,1114,2,19181,35145,28
156568,9,1114,2,19181,48996,56
156595,9,1114,2,1200399,34786,56
156600,9,1114,2,1200399,35145,28
156633,9,1114,2,1200399,48996,56
156647,9,1114,2,2471673,34786,56
156652,9,1114,2,2471673,35145,28
156674,9,1114,2,2471673,48996,56
156709,9,1114,2,1685245,34786,56
156714,9,1114,2,1685245,35145,28
156737,9,1114,2,1685245,48996,56
156746,9,1114,2,1261213,34786,56
156751,9,1114,2,1261213,35145,28
156776,9,1114,2,9492789,34786,56
156781,9,1114,2,9492789,35145,56
156803,9,1114,2,9492789,48996,56
156817,9,1114,2,1685279,34786,210
156822,9,1114,2,1685279,35145,210
156841,9,1114,2,1685279,48996,210
156850,9,1114,2,2115730,34786,56
156859,9,1114,2,2115730,48996,56
156879,9,1114,2,1951817,34786,56
156884,9,1114,2,1951817,35145,28
156907,9,1114,2,1951817,48996,56
156917,9,1114,2,1214450,34786,56
156922,9,1114,2,1214450,35145,28
156946,9,1114,2,9492512,34786,117
156951,9,1114,2,9492512,35145,117
156976,9,1114,2,9492512,48996,117
156992,9,1114,2,123514,34786,147
156997,9,1114,2,123514,35145,147
157022,9,1114,2,123514,48996,28
157045,9,1114,2,19941,34786,169
157050,9,1114,2,19941,35145,169
157078,9,1114,2,19941,48996,169
157091,9,1114,2,1262023,34786,252
157096,9,1114,2,1262023,35145,252
157122,9,1114,2,1262023,48996,98
157140,9,1114,2,1283434,34786,448
157145,9,1114,2,1283434,35145,448
157171,9,1114,2,1283434,48996,448
157199,9,1114,2,1259875,34786,56
157205,9,1114,2,1259875,35145,28
157249,9,1114,2,1259875,48996,56
157259,9,1114,2,19168,34786,56
157264,9,1114,2,19168,35145,28
157275,9,1114,2,19168,48996,56
157313,9,1114,2,2128649,34786,56
157318,9,1114,2,2128649,35145,28
157334,9,1114,2,2128649,48996,56
157347,9,1114,2,2379903,34786,206
157352,9,1114,2,2379903,35145,206
157364,9,1114,2,2379903,48996,206
157391,9,1114,2,2379019,34786,94
157397,9,1114,2,2379019,35145,94
157438,9,1114,2,2379019,48996,94
157452,9,1114,2,2157905,34786,0
157457,9,1114,2,2157905,35145,84
157480,9,1114,2,2157905,48996,84
157499,9,1114,2,75176,34786,56
157505,9,1114,2,75176,35145,28
157534,9,1114,2,75176,48996,56
157551,9,1114,2,19185,34786,84
157556,9,1114,2,19185,35145,84
157577,9,1114,2,19185,48996,84
157612,9,1114,2,2132937,34786,42
157619,9,1114,2,2132937,35145,42
157669,9,1114,2,2132937,48996,42
157689,9,1114,2,4224675,34786,56
157694,9,1114,2,4224675,35145,28
157721,9,1114,2,4224675,48996,56
157737,9,1114,2,19151,34786,84
157743,9,1114,2,19151,35145,84
157776,9,1114,2,19151,48996,84
157796,9,1114,2,19152,34786,48
157802,9,1114,2,19152,35145,48
157825,9,1114,2,19152,48996,28
157863,9,1114,2,1266695,34786,56
157867,9,1114,2,1266695,35145,28
157892,9,1114,2,1266695,48996,56
157903,9,1114,2,17882,34786,56
157914,9,1114,2,17882,48996,56
157942,9,1114,2,19204,34786,210
157948,9,1114,2,19204,35145,210
157983,9,1114,2,19204,48996,210
157999,9,1114,2,1687171,34786,22
158005,9,1114,2,1687171,35145,28
158051,9,1114,2,1667791,34786,56
158057,9,1114,2,1667791,35145,28
158090,9,1114,2,1667791,48996,56
158107,9,1114,2,1685240,34786,56
158112,9,1114,2,1685240,35145,28
158148,9,1114,2,1685240,48996,56
158169,9,1114,2,1878066,34786,56
158174,9,1114,2,1878066,35145,28
158190,9,1114,2,1878066,48996,56
158211,9,1114,2,1276718,34786,56
158216,9,1114,2,1276718,35145,28
158244,9,1114,2,1276718,48996,56
158266,9,1114,2,1685249,34786,56
158288,9,1114,2,1685249,48996,56
158304,9,1114,2,905573,34786,56
158309,9,1114,2,905573,35145,28
158340,9,1114,2,905573,48996,56
158357,9,1114,2,905559,34786,56
158362,9,1114,2,905559,35145,28
158385,9,1114,2,905559,48996,56
158394,9,1114,2,19216,34786,56
158403,9,1114,2,19216,48996,56
158423,9,1114,2,2502327,34786,56
158428,9,1114,2,2502327,35145,56
158444,9,1114,2,2502327,48996,56
158501,9,1114,2,2502303,34786,56
158506,9,1114,2,2502303,35145,28
158532,9,1114,2,2502303,48996,56
158557,9,1114,2,4241942,34786,56
158563,9,1114,2,4241942,35145,28
158599,9,1114,2,4241942,48996,56
158615,9,1114,2,16088,34786,56
158621,9,1114,2,16088,35145,28
158653,9,1114,2,16088,48996,56
158686,9,1114,2,1188060,34786,56
158691,9,1114,2,1188060,35145,28
158728,9,1114,2,1188060,48996,56
158743,9,1114,2,4319129,34786,56
158748,9,1114,2,4319129,35145,28
158775,9,1114,2,4319129,48996,56
158804,9,1114,2,4384753,34786,56
158809,9,1114,2,4384753,35145,28
158844,9,1114,2,4384753,48996,56
158869,9,1114,2,4434990,34786,56
158874,9,1114,2,4434990,35145,56
158910,9,1114,2,4434990,48996,56
158950,9,1114,2,4482432,34786,56
158955,9,1114,2,4482432,35145,28
158974,9,1114,2,4482432,48996,56
159008,9,1114,2,4446095,34786,383
159014,9,1114,2,4446095,35145,383
159061,9,1114,2,4446095,48996,383
159078,9,1114,2,4680109,34786,56
159106,9,1114,2,4680109,48996,56
159139,9,1114,2,4680495,34786,42
159144,9,1114,2,4680495,35145,42
159172,9,1114,2,4680495,48996,42
932949,9,1129,2,22742,34786,55
932955,9,1129,2,22742,35145,70
932997,9,1129,2,22742,48996,28
933013,9,1129,2,1685281,34786,264
933019,9,1129,2,1685281,35145,98
933040,9,1129,2,1685281,48996,98
933068,9,1129,2,22726,34786,55
933075,9,1129,2,22726,35145,55
933128,9,1129,2,22726,48996,55
933165,9,1129,2,22462,34786,274
933172,9,1129,2,22462,35145,274
933219,9,1129,2,22462,48996,274
933264,9,1129,2,22474,34786,55
933270,9,1129,2,22474,35145,70
933303,9,1129,2,22474,48996,28
933314,9,1129,2,1685277,34786,84
933320,9,1129,2,1685277,35145,84
933348,9,1129,2,1685277,48996,84
933380,9,1129,2,22484,34786,55
933386,9,1129,2,22484,35145,70
933430,9,1129,2,22484,48996,28
933454,9,1129,2,22458,34786,55
933460,9,1129,2,22458,35145,70
933492,9,1129,2,22458,48996,28
933513,9,1129,2,22472,34786,55
933518,9,1129,2,22472,35145,70
933555,9,1129,2,22472,48996,28
933582,9,1129,2,71089,34786,45
933588,9,1129,2,71089,35145,45
933631,9,1129,2,71089,48996,45
933672,9,1129,2,22482,34786,55
933679,9,1129,2,22482,35145,70
933737,9,1129,2,22482,48996,28
933765,9,1129,2,22836,34786,55
933770,9,1129,2,22836,35145,70
933811,9,1129,2,22836,48996,28
933833,9,1129,2,22477,34786,55
933839,9,1129,2,22477,35145,70
933878,9,1129,2,22477,48996,28
933912,9,1129,2,22534,34786,55
933919,9,1129,2,22534,35145,70
933974,9,1129,2,22534,48996,28
933979,9,1129,2,16069,34786,55
934018,9,1129,2,19239,34786,55
934024,9,1129,2,19239,35145,70
934066,9,1129,2,19239,48996,28
934108,9,1129,2,1188056,34786,55
934115,9,1129,2,1188056,35145,70
934172,9,1129,2,1188056,48996,28
934211,9,1129,2,20613,34786,55
934217,9,1129,2,20613,35145,70
934265,9,1129,2,20613,48996,28
934294,9,1129,2,20591,34786,55
934301,9,1129,2,20591,35145,70
934353,9,1129,2,20591,48996,28
934376,9,1129,2,2387279,34786,51
934382,9,1129,2,2387279,35145,51
934410,9,1129,2,2387279,48996,14
934444,9,1129,2,2501093,34786,55
934450,9,1129,2,2501093,35145,70
934493,9,1129,2,2501093,48996,28
934527,9,1129,2,1685244,34786,55
934533,9,1129,2,1685244,35145,70
934576,9,1129,2,1685244,48996,28
934608,9,1129,2,22730,34786,154
934666,9,1129,2,22730,48996,154
934693,9,1129,2,1044419,34786,641
934699,9,1129,2,1044419,35145,641
934744,9,1129,2,1044419,48996,641
934773,9,1129,2,22555,34786,55
934778,9,1129,2,22555,35145,70
934829,9,1129,2,22555,48996,28
934862,9,1129,2,22456,34786,55
934869,9,1129,2,22456,35145,70
934925,9,1129,2,22456,48996,28
934957,9,1129,2,22529,34786,55
934963,9,1129,2,22529,35145,70
935011,9,1129,2,22529,48996,28
935031,9,1129,2,22467,34786,55
935037,9,1129,2,22467,35145,70
935065,9,1129,2,22467,48996,28
935095,9,1129,2,22546,34786,55
935102,9,1129,2,22546,35145,70
935149,9,1129,2,22546,48996,28
935187,9,1129,2,28926,34786,219
935196,9,1129,2,28926,48996,70
935216,9,1129,2,62071,34786,55
935221,9,1129,2,62071,35145,70
935248,9,1129,2,62071,48996,28
935262,9,1129,2,17871,34786,55
935295,9,1129,2,22732,34786,140
935301,9,1129,2,22732,35145,140
935346,9,1129,2,22732,48996,140
935363,9,1129,2,1685243,34786,55
935367,9,1129,2,1685243,35145,70
935392,9,1129,2,1685243,48996,28
935411,9,1129,2,22736,34786,179
935416,9,1129,2,22736,35145,179
935446,9,1129,2,22736,48996,112
935467,9,1129,2,1685274,34786,65
935473,9,1129,2,1685274,35145,14
935513,9,1129,2,1685274,48996,14
935530,9,1129,2,20762,34786,55
935536,9,1129,2,20762,35145,70
935561,9,1129,2,20762,48996,28
935592,9,1129,2,2494018,34786,55
935598,9,1129,2,2494018,35145,70
935643,9,1129,2,2494018,48996,28
935667,9,1129,2,19207,34786,55
935672,9,1129,2,19207,35145,70
935705,9,1129,2,19207,48996,28
935740,9,1129,2,22537,34786,25
935745,9,1129,2,22537,35145,25
935793,9,1129,2,22537,48996,140
935823,9,1129,2,20990,34786,55
935829,9,1129,2,20990,35145,70
935883,9,1129,2,20982,34786,55
935918,9,1129,2,1685284,34786,55
935924,9,1129,2,1685284,35145,70
935971,9,1129,2,1685284,48996,28
936013,9,1129,2,20789,34786,84
936019,9,1129,2,20789,35145,84
936059,9,1129,2,20789,48996,84
936090,9,1129,2,1685278,34786,28
936096,9,1129,2,1685278,35145,28
936141,9,1129,2,1685278,48996,28
936182,9,1129,2,17851,34786,504
936190,9,1129,2,17851,35145,504
936247,9,1129,2,17851,48996,504
936271,9,1129,2,1942634,34786,219
936276,9,1129,2,1942634,35145,219
936309,9,1129,2,1942634,48996,28
936359,9,1129,2,22552,34786,55
936365,9,1129,2,22552,35145,70
936403,9,1129,2,22552,48996,28
936422,9,1129,2,20611,34786,50
936428,9,1129,2,20611,35145,50
936456,9,1129,2,20611,48996,50
936482,9,1129,2,20580,34786,55
936488,9,1129,2,20580,35145,70
936524,9,1129,2,20580,48996,28
936541,9,1129,2,1685280,34786,55
936546,9,1129,2,1685280,35145,70
936570,9,1129,2,1685280,48996,28
936615,9,1129,2,1188057,34786,578
936621,9,1129,2,1188057,35145,578
936702,9,1129,2,812391,34786,55
936709,9,1129,2,812391,35145,70
936761,9,1129,2,812391,48996,28
936783,9,1129,2,22702,34786,337
936788,9,1129,2,22702,35145,349
936824,9,1129,2,22702,48996,210
936857,9,1129,2,19236,34786,55
936863,9,1129,2,19236,35145,70
936907,9,1129,2,19236,48996,28
936941,9,1129,2,20640,34786,55
936947,9,1129,2,20640,35145,70
936997,9,1129,2,20640,48996,28
937025,9,1129,2,2389249,34786,253
937030,9,1129,2,2389249,35145,253
937069,9,1129,2,2389249,48996,253
937100,9,1129,2,22872,34786,55
937106,9,1129,2,22872,35145,70
937149,9,1129,2,22872,48996,28
937169,9,1129,2,20627,34786,770
937174,9,1129,2,20627,35145,770
937210,9,1129,2,20627,48996,770
937233,9,1129,2,20599,34786,641
937238,9,1129,2,20599,35145,641
937269,9,1129,2,20599,48996,641
937296,9,1129,2,19200,34786,55
937302,9,1129,2,19200,35145,70
937347,9,1129,2,19200,48996,28
937380,9,1129,2,22699,34786,593
937385,9,1129,2,22699,35145,672
937422,9,1129,2,22699,48996,42
937461,9,1129,2,20626,34786,55
937466,9,1129,2,20626,35145,70
937516,9,1129,2,20626,48996,28
937536,9,1129,2,22737,34786,84
937542,9,1129,2,22737,35145,84
937574,9,1129,2,22737,48996,84
937600,9,1129,2,2502389,34786,55
937605,9,1129,2,2502389,35145,70
937649,9,1129,2,2502389,48996,28
937679,9,1129,2,4219399,34786,299
937684,9,1129,2,4219399,35145,299
937726,9,1129,2,4219399,48996,299
937753,9,1129,2,1673520,34786,55
937758,9,1129,2,1673520,35145,70
937797,9,1129,2,1673520,48996,28
937828,9,1129,2,22719,34786,55
937835,9,1129,2,22719,35145,70
937881,9,1129,2,22719,48996,28
937903,9,1129,2,22491,34786,55
937909,9,1129,2,22491,35145,70
937948,9,1129,2,22491,48996,28
937972,9,1129,2,1685275,34786,161
937977,9,1129,2,1685275,35145,161
938008,9,1129,2,1685275,48996,161
938035,9,1129,2,22541,34786,560
938041,9,1129,2,22541,35145,560
938084,9,1129,2,22541,48996,560
938104,9,1129,2,22852,34786,55
938110,9,1129,2,22852,35145,70
938143,9,1129,2,22852,48996,28
938187,9,1129,2,22745,34786,55
938193,9,1129,2,22745,35145,70
938235,9,1129,2,22745,48996,28
938261,9,1129,2,21000,34786,55
938267,9,1129,2,21000,35145,70
938309,9,1129,2,21000,48996,28
938345,9,1129,2,1188059,34786,55
938351,9,1129,2,1188059,35145,70
938393,9,1129,2,1188059,48996,28
938423,9,1129,2,2125679,34786,55
938430,9,1129,2,2125679,35145,70
938474,9,1129,2,2125679,48996,28
938513,9,1129,2,22861,34786,55
938520,9,1129,2,22861,35145,70
938577,9,1129,2,22861,48996,28
938593,9,1129,2,1268088,34786,54
938599,9,1129,2,1268088,35145,54
938628,9,1129,2,1268088,48996,28
938643,9,1129,2,16057,34786,55
938648,9,1129,2,16057,35145,70
938673,9,1129,2,16057,48996,28
938703,9,1129,2,20993,34786,55
938710,9,1129,2,20993,35145,70
938757,9,1129,2,20993,48996,28
938790,9,1129,2,22747,34786,55
938796,9,1129,2,22747,35145,70
938842,9,1129,2,22747,48996,28
938873,9,1129,2,22849,34786,55
938880,9,1129,2,22849,35145,70
938936,9,1129,2,22849,48996,28
938963,9,1129,2,22731,34786,55
938969,9,1129,2,22731,35145,70
939015,9,1129,2,22731,48996,28
939024,9,1129,2,22828,34786,55
939066,9,1129,2,22741,34786,77
939071,9,1129,2,22741,35145,100
939104,9,1129,2,22741,48996,140
939119,9,1129,2,22830,34786,55
939124,9,1129,2,22830,35145,70
939164,9,1129,2,4353138,34786,55
939169,9,1129,2,4353138,35145,70
939192,9,1129,2,4353138,48996,28
939221,9,1129,2,4236038,34786,165
939226,9,1129,2,4236038,35145,165
939263,9,1129,2,4236038,48996,112
939290,9,1129,2,4454380,34786,330
939295,9,1129,2,4454380,35145,330
939328,9,1129,2,4454380,48996,42
939360,9,1129,2,4446090,34786,66
939366,9,1129,2,4446090,35145,112
939413,9,1129,2,4446090,48996,112
939440,9,1129,2,4474809,34786,55
939446,9,1129,2,4474809,35145,70
939483,9,1129,2,4474809,48996,28
939505,9,1129,2,4474782,34786,55
939553,9,1129,2,4474782,48996,28
939597,9,1129,2,4603160,34786,55
939602,9,1129,2,4603160,35145,70
939638,9,1129,2,4603160,48996,28
939668,9,1129,2,4617344,34786,84
939674,9,1129,2,4617344,35145,84
939725,9,1129,2,4617344,48996,84
939755,9,1129,2,4680108,34786,55
939762,9,1129,2,4680108,35145,70
939803,9,1129,2,4680108,48996,28
939830,9,1129,2,4667407,34786,55
939837,9,1129,2,4667407,35145,70
939886,9,1129,2,4667407,48996,28
939912,9,1129,2,4667501,34786,55
939918,9,1129,2,4667501,35145,70
939952,9,1129,2,4667501,48996,28
1180155,9,1142,2,20984,34786,66
1180161,9,1142,2,20984,35145,28
1180207,9,1142,2,20984,48996,28
1180280,9,1142,2,1200400,34786,66
1180286,9,1142,2,1200400,35145,28
1180344,9,1142,2,1200400,48996,28
1180363,9,1142,2,20966,34786,66
1180367,9,1142,2,20966,35145,28
1180383,9,1142,2,20966,48996,28
1180416,9,1142,2,20927,34786,66
1180427,9,1142,2,20927,48996,28
1180447,9,1142,2,1685260,34786,66
1180453,9,1142,2,1685260,35145,28
1180488,9,1142,2,1685260,48996,28
1180521,9,1142,2,1188058,34786,66
1180527,9,1142,2,1188058,35145,28
1180598,9,1142,2,20940,34786,66
1180604,9,1142,2,20940,35145,28
1180652,9,1142,2,20940,48996,28
1180681,9,1142,2,20968,34786,15
1180685,9,1142,2,20968,35145,15
1180725,9,1142,2,20968,48996,15
1180752,9,1142,2,1887411,34786,66
1180758,9,1142,2,1887411,35145,28
1180797,9,1142,2,1887411,48996,28
1180848,9,1142,2,812389,34786,39
1180855,9,1142,2,812389,35145,39
1180894,9,1142,2,812389,48996,42
1180918,9,1142,2,1685267,34786,66
1180923,9,1142,2,1685267,35145,28
1180956,9,1142,2,1685267,48996,28
1181009,9,1142,2,22536,34786,66
1181013,9,1142,2,22536,35145,28
1181047,9,1142,2,22536,48996,28
1181070,9,1142,2,20545,34786,66
1181076,9,1142,2,20545,35145,28
1181105,9,1142,2,20545,48996,28
1181136,9,1142,2,824969,34786,66
1181142,9,1142,2,824969,35145,28
1181181,9,1142,2,824969,48996,28
1181197,9,1142,2,16060,34786,66
1181208,9,1142,2,16060,48996,28
1181230,9,1142,2,4416300,34786,66
1181235,9,1142,2,4416300,35145,28
1181260,9,1142,2,4416300,48996,28
1181289,9,1142,2,21011,34786,157
1181296,9,1142,2,21011,35145,157
1181351,9,1142,2,21011,48996,157
1181385,9,1142,2,1685263,34786,66
1181391,9,1142,2,1685263,35145,28
1181436,9,1142,2,1685263,48996,28
1181465,9,1142,2,20919,34786,66
1181471,9,1142,2,20919,35145,28
1181510,9,1142,2,20919,48996,28
1181539,9,1142,2,21082,34786,66
1181544,9,1142,2,21082,35145,28
1181591,9,1142,2,21082,48996,28
1181617,9,1142,2,1685264,34786,66
1181623,9,1142,2,1685264,35145,28
1181668,9,1142,2,1685264,48996,28
1181692,9,1142,2,21035,34786,66
1181696,9,1142,2,21035,35145,28
1181731,9,1142,2,21035,48996,28
1181741,9,1142,2,1685258,34786,131
1181745,9,1142,2,1685258,35145,42
1181753,9,1142,2,1685258,48996,42
1181784,9,1142,2,20903,34786,125
1181791,9,1142,2,20903,35145,125
1181843,9,1142,2,20903,48996,125
1181873,9,1142,2,21007,34786,140
1181880,9,1142,2,21007,35145,140
1181934,9,1142,2,21007,48996,140
1181947,9,1142,2,20886,34786,339
1181953,9,1142,2,20886,35145,339
1182014,9,1142,2,1281689,34786,66
1182019,9,1142,2,1281689,35145,28
1182056,9,1142,2,1281689,48996,28
1182073,9,1142,2,20879,34786,591
1182078,9,1142,2,20879,35145,630
1182104,9,1142,2,20879,48996,42
1182125,9,1142,2,474864,34786,66
1182130,9,1142,2,474864,35145,28
1182166,9,1142,2,474864,48996,28
1182196,9,1142,2,20877,34786,66
1182202,9,1142,2,20877,35145,28
1182251,9,1142,2,20877,48996,28
1182288,9,1142,2,21122,34786,66
1182294,9,1142,2,21122,35145,28
1182347,9,1142,2,21122,48996,28
1182375,9,1142,2,21024,34786,560
1182382,9,1142,2,21024,35145,560
1182418,9,1142,2,21024,48996,560
1182449,9,1142,2,20947,34786,66
1182456,9,1142,2,20947,48996,28
1182470,9,1142,2,2308118,34786,208
1182475,9,1142,2,2308118,35145,180
1182496,9,1142,2,2308118,48996,180
1182518,9,1142,2,21111,34786,66
1182523,9,1142,2,21111,35145,28
1182552,9,1142,2,21111,48996,28
1182569,9,1142,2,20999,34786,66
1182574,9,1142,2,20999,35145,28
1182602,9,1142,2,20999,48996,28
1182621,9,1142,2,2181030,34786,33
1182626,9,1142,2,2181030,35145,28
1182648,9,1142,2,2181030,48996,28
1182685,9,1142,2,20959,34786,66
1182690,9,1142,2,20959,35145,28
1182747,9,1142,2,20959,48996,28
1182777,9,1142,2,20963,34786,66
1182783,9,1142,2,20963,35145,28
1182834,9,1142,2,2500515,34786,66
1182838,9,1142,2,2500515,35145,28
1182850,9,1142,2,2500515,48996,28
1182877,9,1142,2,21021,34786,341
1182883,9,1142,2,21021,35145,341
1182927,9,1142,2,21021,48996,140
1182952,9,1142,2,1685266,34786,66
1182957,9,1142,2,1685266,35145,28
1183005,9,1142,2,1685266,48996,28
1183013,9,1142,2,22750,34786,224
1183020,9,1142,2,22750,48996,224
1183038,9,1142,2,17139,34786,66
1183044,9,1142,2,17139,35145,28
1183075,9,1142,2,17139,48996,28
1183096,9,1142,2,16064,34786,66
1183101,9,1142,2,16064,35145,28
1183134,9,1142,2,16064,48996,28
1183153,9,1142,2,16061,34786,66
1183159,9,1142,2,16061,35145,28
1183193,9,1142,2,16061,48996,28
1183213,9,1142,2,17123,34786,66
1183219,9,1142,2,17123,35145,28
1183245,9,1142,2,17123,48996,28
1183254,9,1142,2,16077,34786,66
1183262,9,1142,2,16077,48996,28
1183280,9,1142,2,19269,34786,66
1183285,9,1142,2,19269,35145,28
1183315,9,1142,2,19269,48996,28
1183325,9,1142,2,19222,34786,41
1183336,9,1142,2,19222,48996,56
1183365,9,1142,2,21003,34786,66
1183370,9,1142,2,21003,35145,28
1183407,9,1142,2,21003,48996,28
1183425,9,1142,2,22728,34786,66
1183430,9,1142,2,22728,35145,28
1183465,9,1142,2,22728,48996,28
1183480,9,1142,2,20992,34786,66
1183490,9,1142,2,20992,48996,28
1183515,9,1142,2,19215,34786,364
1183521,9,1142,2,19215,35145,364
1183564,9,1142,2,19215,48996,28
1183601,9,1142,2,2262011,34786,66
1183607,9,1142,2,2262011,35145,28
1183648,9,1142,2,2262011,48996,28
1183667,9,1142,2,2393034,34786,66
1183671,9,1142,2,2393034,35145,28
1183693,9,1142,2,2393034,48996,28
1183713,9,1142,2,4235166,34786,66
1183719,9,1142,2,4235166,35145,28
1183751,9,1142,2,4235166,48996,28
1183776,9,1142,2,27785,34786,453
1183781,9,1142,2,27785,35145,635
1183827,9,1142,2,27785,48996,28
1183858,9,1142,2,2096230,34786,65
1183864,9,1142,2,2096230,35145,65
1183906,9,1142,2,2096230,48996,65
1183951,9,1142,2,1685255,34786,14
1183957,9,1142,2,1685255,35145,14
1183988,9,1142,2,1685255,48996,14
1184017,9,1142,2,19279,34786,252
1184024,9,1142,2,19279,35145,252
1184067,9,1142,2,19279,48996,252
1184120,9,1142,2,2217528,34786,50
1184126,9,1142,2,2217528,35145,50
1184166,9,1142,2,2217528,48996,50
1184185,9,1142,2,20739,34786,66
1184190,9,1142,2,20739,35145,28
1184217,9,1142,2,20739,48996,28
1184236,9,1142,2,19278,34786,66
1184242,9,1142,2,19278,35145,28
1184268,9,1142,2,19278,48996,28
1184291,9,1142,2,1376235,35145,28
1184308,9,1142,2,1376235,48996,28
1184345,9,1142,2,936648,34786,66
1184351,9,1142,2,936648,35145,28
1184405,9,1142,2,936648,48996,28
1184430,9,1142,2,21160,34786,66
1184436,9,1142,2,21160,35145,28
1184477,9,1142,2,21160,48996,28
1184495,9,1142,2,4413467,34786,66
1184500,9,1142,2,4413467,35145,28
1184522,9,1142,2,4413467,48996,28
1184545,9,1142,2,19329,34786,66
1184550,9,1142,2,19329,35145,28
1184582,9,1142,2,19329,48996,28
1184613,9,1142,2,1407716,34786,28
1184619,9,1142,2,1407716,35145,28
1184664,9,1142,2,1407716,48996,28
1184685,9,1142,2,21037,34786,50
1184691,9,1142,2,21037,35145,50
1184726,9,1142,2,21037,48996,50
1184736,9,1142,2,21113,34786,66
1184753,9,1142,2,21113,48996,28
1184757,9,1142,2,1685254,34786,70
1184762,9,1142,2,1685254,35145,70
1184781,9,1142,2,1685253,34786,66
1184785,9,1142,2,1685253,35145,28
1184808,9,1142,2,1685253,48996,28
1184832,9,1142,2,2390784,34786,66
1184838,9,1142,2,2390784,35145,28
1184886,9,1142,2,812386,34786,66
1184892,9,1142,2,812386,35145,28
1184916,9,1142,2,812386,48996,28
1184965,9,1142,2,2154317,34786,196
1184970,9,1142,2,2154317,35145,196
1185018,9,1142,2,2154317,48996,196
1185036,9,1142,2,19353,34786,66
1185041,9,1142,2,19353,35145,28
1185067,9,1142,2,19353,48996,28
1185091,9,1142,2,1259877,34786,264
1185096,9,1142,2,1259877,35145,264
1185125,9,1142,2,1259877,48996,264
1185153,9,1142,2,126951,34786,126
1185160,9,1142,2,126951,35145,126
1185203,9,1142,2,126951,48996,126
1185236,9,1142,2,21085,34786,66
1185243,9,1142,2,21085,35145,28
1185292,9,1142,2,21085,48996,28
1185322,9,1142,2,1103561,34786,66
1185328,9,1142,2,1103561,35145,28
1185369,9,1142,2,1103561,48996,28
1185401,9,1142,2,1896260,34786,66
1185407,9,1142,2,1896260,35145,28
1185455,9,1142,2,1896260,48996,28
1185479,9,1142,2,2140885,34786,66
1185484,9,1142,2,2140885,35145,28
1185521,9,1142,2,2140885,48996,28
1185545,9,1142,2,21069,34786,66
1185551,9,1142,2,21069,35145,28
1185591,9,1142,2,21069,48996,28
1185609,9,1142,2,1685252,34786,66
1185641,9,1142,2,2213228,34786,66
1185645,9,1142,2,2213228,35145,28
1185673,9,1142,2,2213228,48996,28
1185692,9,1142,2,20977,34786,143
1185698,9,1142,2,20977,35145,143
1185736,9,1142,2,20977,48996,112
1185787,9,1142,2,21020,34786,66
1185793,9,1142,2,21020,35145,28
1185842,9,1142,2,21020,48996,28
1185853,9,1142,2,1276976,34786,66
1185858,9,1142,2,1276976,35145,28
1185869,9,1142,2,1276976,48996,28
1185891,9,1142,2,1536731,34786,165
1185896,9,1142,2,1536731,35145,126
1185947,9,1142,2,1536731,48996,126
1185977,9,1142,2,20708,34786,66
1185990,9,1142,2,1281262,34786,66
1185995,9,1142,2,1281262,35145,28
1186016,9,1142,2,1281262,48996,28
1186030,9,1142,2,1285039,34786,66
1186035,9,1142,2,1285039,35145,28
1186063,9,1142,2,1285039,48996,28
1186093,9,1142,2,1386662,34786,28
1186097,9,1142,2,1386662,35145,28
1186111,9,1142,2,1386662,48996,28
1186120,9,1142,2,1402379,34786,66
1186152,9,1142,2,1540210,34786,66
1186166,9,1142,2,1540210,48996,28
1186181,9,1142,2,905997,34786,66
1186187,9,1142,2,905997,35145,28
1186213,9,1142,2,905997,48996,28
1186223,9,1142,2,1266692,34786,66
1186228,9,1142,2,1266692,35145,28
1186245,9,1142,2,1408510,34786,190
1186247,9,1142,2,1408510,35145,190
1186253,9,1142,2,1408510,48996,190
1186265,9,1142,2,2500514,34786,66
1186270,9,1142,2,2500514,35145,28
1186288,9,1142,2,2500514,48996,28
1186299,9,1142,2,1685288,34786,66
1186304,9,1142,2,1685288,35145,28
1186321,9,1142,2,1685288,48996,28
1186348,9,1142,2,2502530,34786,30
1186354,9,1142,2,2502530,35145,30
1186397,9,1142,2,2502530,48996,30
1186414,9,1142,2,1887410,34786,66
1186419,9,1142,2,1887410,35145,28
1186445,9,1142,2,1887410,48996,28
1186469,9,1142,2,19295,34786,84
1186476,9,1142,2,19295,35145,84
1186521,9,1142,2,19295,48996,84
1186532,9,1142,2,2379904,34786,66
1186538,9,1142,2,2379904,35145,28
1186553,9,1142,2,2379904,48996,28
1186571,9,1142,2,21033,34786,66
1186577,9,1142,2,21033,35145,28
1186637,9,1142,2,4349814,34786,66
1186642,9,1142,2,4349814,35145,28
1186684,9,1142,2,4349814,48996,28
1186739,9,1142,2,4349403,34786,66
1186745,9,1142,2,4349403,35145,28
1186787,9,1142,2,4349403,48996,28
1186819,9,1142,2,4511107,34786,66
1186824,9,1142,2,4511107,35145,28
1186855,9,1142,2,4511107,48996,28
1186894,9,1142,2,4563341,34786,107
1186900,9,1142,2,4563341,35145,70
1186928,9,1142,2,4563341,48996,70
1186944,9,1142,2,4575745,34786,66
1186948,9,1142,2,4575745,35145,28
1186969,9,1142,2,4575745,48996,28
1186991,9,1142,2,4680511,34786,56
1186996,9,1142,2,4680511,35145,56
1187020,9,1142,2,4680511,48996,56
1187042,9,1142,2,4680517,34786,66
1187047,9,1142,2,4680517,35145,28
1187077,9,1142,2,4680517,48996,28
1323736,9,1168,2,19260,34786,218
1323742,9,1168,2,19260,35145,218
1323792,9,1168,2,19260,48996,218
1323819,9,1168,2,19265,34786,28
1323825,9,1168,2,19265,35145,28
1323861,9,1168,2,19265,48996,42
1323908,9,1168,2,1197666,34786,251
1323914,9,1168,2,1197666,35145,251
1323964,9,1168,2,1197666,48996,251
1324011,9,1168,2,1685257,34786,28
1324016,9,1168,2,1685257,35145,28
1324054,9,1168,2,1685257,48996,42
1324081,9,1168,2,19261,34786,28
1324087,9,1168,2,19261,35145,28
1324121,9,1168,2,19261,48996,42
1324138,9,1168,2,1411784,34786,28
1324143,9,1168,2,1411784,35145,28
1324169,9,1168,2,1411784,48996,42
1324210,9,1168,2,936660,34786,28
1324217,9,1168,2,936660,35145,28
1324271,9,1168,2,936660,48996,42
1324291,9,1168,2,19257,34786,28
1324297,9,1168,2,19257,35145,28
1324324,9,1168,2,19257,48996,42
1324347,9,1168,2,1685250,34786,28
1324352,9,1168,2,1685250,35145,28
1324388,9,1168,2,1685250,48996,42
1324400,9,1168,2,20169,34786,28
1324424,9,1168,2,1685251,34786,70
1324428,9,1168,2,1685251,35145,70
1324452,9,1168,2,1685251,48996,70
1324471,9,1168,2,21591,34786,308
1324475,9,1168,2,21591,35145,308
1324501,9,1168,2,21591,48996,308
1324526,9,1168,2,19259,34786,145
1324532,9,1168,2,19259,35145,145
1324570,9,1168,2,19259,48996,145
1324593,9,1168,2,21592,34786,269
1324598,9,1168,2,21592,35145,269
1324627,9,1168,2,21592,48996,269
1324657,9,1168,2,21590,34786,28
1324663,9,1168,2,21590,35145,28
1324707,9,1168,2,21590,48996,42
1324728,9,1168,2,36960,34786,28
1324734,9,1168,2,36960,35145,28
1324765,9,1168,2,36960,48996,42
1324779,9,1168,2,21599,34786,28
1324783,9,1168,2,21599,35145,28
1324799,9,1168,2,21599,48996,42
1324824,9,1168,2,19266,34786,28
1324831,9,1168,2,19266,35145,28
1324863,9,1168,2,19266,48996,42
1324921,9,1168,2,1264113,34786,28
1324927,9,1168,2,1264113,35145,28
1324974,9,1168,2,1264113,48996,42
1325002,9,1168,2,21620,34786,28
1325018,9,1168,2,21620,48996,28
1325038,9,1168,2,19263,34786,28
1325042,9,1168,2,19263,35145,28
1325075,9,1168,2,19263,48996,42
1325099,9,1168,2,1685272,34786,28
1325104,9,1168,2,1685272,35145,28
1325139,9,1168,2,1685272,48996,42
1325161,9,1168,2,21613,34786,28
1325167,9,1168,2,21613,35145,28
1325194,9,1168,2,21613,48996,42
1325207,9,1168,2,1685273,34786,28
1325212,9,1168,2,1685273,35145,28
1325228,9,1168,2,1685273,48996,42
1325241,9,1168,2,21533,34786,28
1325246,9,1168,2,21533,35145,28
1325265,9,1168,2,21533,48996,28
1325283,9,1168,2,1453532,34786,28
1325289,9,1168,2,1453532,35145,28
1325313,9,1168,2,1453532,48996,42
1325326,9,1168,2,2171117,34786,154
1325331,9,1168,2,2171117,35145,154
1325348,9,1168,2,2171117,48996,84
1325378,9,1168,2,1245714,34786,28
1325385,9,1168,2,1245714,35145,28
1325425,9,1168,2,1245714,48996,42
1325443,9,1168,2,1054349,34786,28
1325449,9,1168,2,1054349,35145,28
1325483,9,1168,2,1054349,48996,42
1325499,9,1168,2,1685287,34786,28
1325504,9,1168,2,1685287,35145,28
1325515,9,1168,2,1685287,48996,42
1325525,9,1168,2,21237,34786,28
1325530,9,1168,2,21237,35145,28
1325565,9,1168,2,1665777,34786,140
1325571,9,1168,2,1665777,35145,140
1325597,9,1168,2,1665777,48996,140
1325615,9,1168,2,1242120,34786,28
1325621,9,1168,2,1242120,35145,28
1325647,9,1168,2,1242120,48996,42
1325666,9,1168,2,1389618,34786,28
1325671,9,1168,2,1389618,35145,28
1325687,9,1168,2,1389618,48996,42
1325713,9,1168,2,1609866,34786,28
1325720,9,1168,2,1609866,35145,28
1325763,9,1168,2,1609866,48996,42
1325784,9,1168,2,43910,34786,28
1325789,9,1168,2,43910,35145,28
1325811,9,1168,2,43910,48996,42
1325836,9,1168,2,21078,34786,248
1325841,9,1168,2,21078,35145,310
1325874,9,1168,2,21078,48996,42
1325888,9,1168,2,263351,34786,28
1325892,9,1168,2,263351,35145,28
1325904,9,1168,2,263351,48996,42
1325930,9,1168,2,1999609,34786,28
1325935,9,1168,2,1999609,35145,28
1325978,9,1168,2,1999609,48996,42
1325996,9,1168,2,2154294,34786,28
1326001,9,1168,2,2154294,35145,28
1326019,9,1168,2,2154294,48996,42
1326033,9,1168,2,1434444,34786,70
1326037,9,1168,2,1434444,35145,70
1326056,9,1168,2,1434444,48996,70
1326074,9,1168,2,1119466,34786,28
1326080,9,1168,2,1119466,35145,28
1326107,9,1168,2,1119466,48996,42
1326129,9,1168,2,1266831,34786,14
1326134,9,1168,2,1266831,35145,14
1326162,9,1168,2,1266831,48996,14
1326203,9,1168,2,905972,34786,28
1326207,9,1168,2,905972,35145,28
1326229,9,1168,2,905972,48996,42
1326257,9,1168,2,2312254,34786,140
1326261,9,1168,2,2312254,35145,140
1326301,9,1168,2,2312254,48996,140
1326312,9,1168,2,2142364,34786,28
1326316,9,1168,2,2142364,35145,28
1326336,9,1168,2,1474068,34786,126
1326340,9,1168,2,1474068,35145,126
1326354,9,1168,2,1474068,48996,126
1326386,9,1168,2,1673530,34786,28
1326391,9,1168,2,1673530,35145,28
1326402,9,1168,2,1673530,48996,42
1326415,9,1168,2,1906292,34786,195
1326420,9,1168,2,1906292,35145,195
1326430,9,1168,2,1906292,48996,195
1326444,9,1168,2,1948352,34786,28
1326449,9,1168,2,1948352,35145,28
1326468,9,1168,2,1948352,48996,42
1326478,9,1168,2,2094729,34786,28
1326483,9,1168,2,2094729,35145,28
1326498,9,1168,2,2094729,48996,42
1326509,9,1168,2,1267942,34786,28
1326514,9,1168,2,1267942,35145,28
1326526,9,1168,2,1267942,48996,42
1326581,9,1168,2,26815,34786,28
1326587,9,1168,2,26815,35145,28
1326640,9,1168,2,26815,48996,42
1326664,9,1168,2,21584,34786,44
1326671,9,1168,2,21584,35145,44
1326704,9,1168,2,21584,48996,14
1326738,9,1168,2,1627398,34786,28
1326745,9,1168,2,1627398,35145,28
1326793,9,1168,2,1627398,48996,42
1326816,9,1168,2,1054388,34786,28
1326822,9,1168,2,1054388,35145,28
1326849,9,1168,2,1054388,48996,42
1326869,9,1168,2,1558040,34786,28
1326875,9,1168,2,1558040,35145,28
1326906,9,1168,2,1558040,48996,42
1326923,9,1168,2,2156316,34786,28
1326928,9,1168,2,2156316,35145,28
1326954,9,1168,2,2156316,48996,42
1326983,9,1168,2,2107969,34786,28
1326988,9,1168,2,2107969,35145,28
1327026,9,1168,2,2107969,48996,42
1327043,9,1168,2,21156,34786,28
1327047,9,1168,2,21156,35145,28
1327069,9,1168,2,21156,48996,42
1327080,9,1168,2,1239536,34786,28
1327085,9,1168,2,1239536,35145,28
1327098,9,1168,2,1239536,48996,42
1327114,9,1168,2,38100,34786,512
1327121,9,1168,2,38100,35145,512
1327153,9,1168,2,38100,48996,512
1327168,9,1168,2,21034,34786,28
1327174,9,1168,2,21034,35145,28
1327194,9,1168,2,21034,48996,42
1327214,9,1168,2,21233,34786,28
1327219,9,1168,2,21233,35145,28
1327246,9,1168,2,21233,48996,42
1327282,9,1168,2,1685269,34786,28
1327287,9,1168,2,1685269,35145,28
1327298,9,1168,2,1685269,48996,28
1327307,9,1168,2,1685270,34786,66
1327312,9,1168,2,1685270,35145,28
1327320,9,1168,2,1685270,48996,28
1327331,9,1168,2,1907490,34786,33
1327336,9,1168,2,1907490,35145,28
1327358,9,1168,2,1239535,34786,28
1327364,9,1168,2,1239535,35145,28
1327385,9,1168,2,1685286,34786,28
1327390,9,1168,2,1685286,35145,28
1327407,9,1168,2,21588,34786,112
1327411,9,1168,2,21588,35145,112
1327429,9,1168,2,21588,48996,112
1327442,9,1168,2,2381710,34786,42
1327446,9,1168,2,2381710,35145,42
1327458,9,1168,2,2381710,48996,42
1327476,9,1168,2,4229689,34786,88
1327481,9,1168,2,4229689,35145,88
1327502,9,1168,2,4229689,48996,88
1327508,9,1168,2,4235130,34786,28
1327513,9,1168,2,4235130,35145,28
1327530,9,1168,2,4235129,34786,28
1327536,9,1168,2,4235129,35145,28
1327550,9,1168,2,4235129,48996,28
1327562,9,1168,2,4250222,34786,28
1327567,9,1168,2,4250222,35145,28
1327585,9,1168,2,4250222,48996,42
1327599,9,1168,2,2080098,34786,28
1327603,9,1168,2,2080098,35145,28
1327617,9,1168,2,2080098,48996,42
1327629,9,1168,2,2382187,34786,98
1327633,9,1168,2,2382187,35145,98
1327641,9,1168,2,2382187,48996,98
1327654,9,1168,2,1386635,34786,28
1327659,9,1168,2,1386635,35145,28
1327666,9,1168,2,1386635,48996,42
1327679,9,1168,2,19280,34786,28
1327684,9,1168,2,19280,35145,28
1327700,9,1168,2,19280,48996,42
1327721,9,1168,2,2389244,34786,28
1327727,9,1168,2,2389244,35145,28
1327761,9,1168,2,2389244,48996,42
1327777,9,1168,2,17983,34786,42
1327782,9,1168,2,17983,35145,42
1327808,9,1168,2,17983,48996,42
1327842,9,1168,2,20758,34786,145
1327848,9,1168,2,20758,35145,145
1327893,9,1168,2,20758,48996,145
1327910,9,1168,2,20746,34786,28
1327916,9,1168,2,20746,35145,28
1327942,9,1168,2,20746,48996,42
1327972,9,1168,2,1253811,34786,28
1327979,9,1168,2,1253811,35145,28
1328023,9,1168,2,1253811,48996,42
1328057,9,1168,2,2154841,34786,28
1328064,9,1168,2,2154841,35145,28
1328117,9,1168,2,2154841,48996,42
1328133,9,1168,2,19515,34786,154
1328139,9,1168,2,19515,35145,154
1328166,9,1168,2,19515,48996,154
1328195,9,1168,2,1633567,34786,28
1328200,9,1168,2,1633567,35145,28
1328211,9,1168,2,1633567,48996,42
1328251,9,1168,2,21115,34786,28
1328258,9,1168,2,21115,35145,28
1328307,9,1168,2,21115,48996,42
1328319,9,1168,2,61137,34786,28
1328336,9,1168,2,61137,48996,42
1328357,9,1168,2,20252,34786,55
1328363,9,1168,2,20252,35145,55
1328388,9,1168,2,20252,48996,55
1328423,9,1168,2,1197664,34786,307
1328429,9,1168,2,1197664,35145,307
1328476,9,1168,2,1197664,48996,307
1328499,9,1168,2,21089,34786,28
1328505,9,1168,2,21089,35145,28
1328532,9,1168,2,21089,48996,42
1328553,9,1168,2,1655810,34786,28
1328559,9,1168,2,1655810,35145,28
1328587,9,1168,2,1655810,48996,42
1328607,9,1168,2,1292145,34786,28
1328613,9,1168,2,1292145,35145,28
1328640,9,1168,2,1292145,48996,42
1328658,9,1168,2,5961106,34786,28
1328663,9,1168,2,5961106,35145,28
1328686,9,1168,2,5961106,48996,42
1328702,9,1168,2,2139790,34786,28
1328707,9,1168,2,2139790,35145,28
1328726,9,1168,2,2139790,48996,42
1328747,9,1168,2,19486,34786,28
1328752,9,1168,2,19486,35145,28
1328783,9,1168,2,19486,48996,42
1328796,9,1168,2,2128281,34786,126
1328802,9,1168,2,2128281,35145,126
1328812,9,1168,2,2128281,48996,126
1328833,9,1168,2,21126,34786,28
1328839,9,1168,2,21126,35145,28
1328869,9,1168,2,21126,48996,42
1328879,9,1168,2,21580,34786,70
1328883,9,1168,2,21580,35145,70
1328889,9,1168,2,21580,48996,70
1328913,9,1168,2,21065,34786,143
1328918,9,1168,2,21065,35145,143
1328956,9,1168,2,21065,48996,112
1328979,9,1168,2,1685283,34786,28
1329000,9,1168,2,1685283,48996,42
1329014,9,1168,2,4245417,34786,28
1329018,9,1168,2,4245417,35145,28
1329037,9,1168,2,4245417,48996,42
1329052,9,1168,2,4353065,34786,28
1329056,9,1168,2,4353065,35145,28
1329069,9,1168,2,4353065,48996,42
1329091,9,1168,2,4349404,34786,28
1329096,9,1168,2,4349404,35145,28
1329123,9,1168,2,4349404,48996,42
1329144,9,1168,2,4455176,34786,35
1329150,9,1168,2,4455176,35145,35
1329171,9,1168,2,4455176,48996,35
1329185,9,1168,2,4461887,34786,95
1329191,9,1168,2,4461887,35145,70
1329209,9,1168,2,4461887,48996,70
1329223,9,1168,2,4477809,34786,28
1329228,9,1168,2,4477809,35145,28
1329256,9,1168,2,4477809,48996,42
1329305,9,1168,2,4475569,34786,44
1329311,9,1168,2,4475569,35145,112
1329344,9,1168,2,4475569,48996,112
1329359,9,1168,2,4479374,34786,120
1329364,9,1168,2,4479374,35145,120
1329377,9,1168,2,4479374,48996,120
1329407,9,1168,2,4567894,34786,28
1329412,9,1168,2,4567894,35145,28
1329454,9,1168,2,4567894,48996,42
1329499,9,1168,2,4640817,34786,148
1329504,9,1168,2,4640817,35145,148
1329536,9,1168,2,4640817,48996,28
1329579,9,1168,2,4680532,34786,28
1329584,9,1168,2,4680532,35145,28
1329604,9,1168,2,4680532,48996,42
1329616,9,1168,2,4681989,34786,28
1329621,9,1168,2,4681989,35145,28
1329640,9,1168,2,4681989,48996,42
1329655,9,1168,2,4685721,34786,70
1329660,9,1168,2,4685721,35145,70
1329673,9,1168,2,4685721,48996,70
1329686,9,1168,2,4685729,34786,28
1329690,9,1168,2,4685729,35145,28
1329699,9,1168,2,4685729,48996,42
1329709,9,1168,2,4699654,34786,28
1329714,9,1168,2,4699654,35145,28
1329723,9,1168,2,4699654,48996,42
1329743,9,1168,2,4685761,34786,98
1329749,9,1168,2,4685761,35145,98
1329778,9,1168,2,4685761,48996,98
